in_spotify_charts,bpm,key,mode,danceability_%,valence_%,energy_%,acousticness_%,instrumentalness_%,liveness_%,speechiness_%,season,genre,num_followers
147,125,11.0,0,80,89,83,31,0,8,4,Summer,pop,12483564.0
48,92,1.0,0,71,61,74,7,0,10,4,Spring,reggaeton,13202622.0
113,138,5.0,0,51,32,53,17,0,31,6,Summer,pop,29886574.0
100,170,9.0,0,55,58,72,11,0,11,15,Summer,pop,92584265.0
50,144,9.0,1,65,23,80,14,63,11,6,Spring,reggaeton,76637811.0
91,141,1.0,0,92,66,58,19,0,8,24,Summer,pop,12483564.0
50,148,5.0,1,67,83,76,48,0,8,3,Spring,pop,12483564.0
43,100,5.0,0,67,26,71,37,0,11,4,Summer,rap canario,3291901.0
83,130,1.0,1,85,22,62,12,0,28,9,Spring,atl hip hop,6213043.0
44,170,2.0,1,81,56,48,21,0,8,33,Spring,pop,12483564.0
40,83,6.0,1,57,56,72,23,0,27,5,Spring,pop,12483564.0
55,150,5.0,1,78,52,82,18,0,15,7,Summer,k-pop,6084241.0
115,118,-1.0,0,71,65,68,6,0,3,7,Winter,pop,22630014.0
98,130,2.0,1,51,32,43,83,0,9,3,Spring,gen z singer-songwriter,1539683.0
130,174,6.0,1,52,66,73,34,0,31,6,Spring,pop,30142706.0
77,89,8.0,0,64,43,73,5,17,16,4,Winter,pop,15719257.0
77,120,11.0,1,78,76,59,43,0,34,3,Winter,k-pop girl group,1361649.0
104,78,-1.0,0,44,14,9,96,0,10,3,Summer,art pop,88762228.0
40,100,11.0,0,86,67,66,14,0,12,16,Spring,pop,12483564.0
68,120,7.0,0,63,36,73,0,0,36,4,Spring,k-pop,6882913.0
26,140,5.0,1,65,87,74,22,0,42,4,Summer,pop,12483564.0
38,123,6.0,0,69,82,76,6,0,6,3,Summer,pop,92584265.0
110,135,-1.0,1,48,44,42,12,2,11,3,Winter,garage rock,22315809.0
40,133,5.0,1,85,81,67,26,0,12,5,Spring,pop,12483564.0
87,99,1.0,0,85,83,68,7,0,36,20,Summer,pop,12483564.0
26,130,7.0,1,79,96,86,9,0,9,9,Summer,corrido,5710644.0
77,107,11.0,0,80,82,80,43,0,14,4,Spring,pop,12483564.0
40,122,6.0,1,81,74,71,14,0,56,4,Summer,pop,12483564.0
19,204,6.0,0,52,52,68,46,0,15,4,Winter,contemporary country,7652211.0
101,110,11.0,1,67,78,85,2,0,33,5,Spring,dance pop,42123822.0
78,126,5.0,1,74,35,84,0,0,11,6,Summer,australian pop,8019929.0
34,168,6.0,0,56,63,87,39,0,11,5,Summer,pop,12483564.0
88,98,1.0,1,71,17,61,36,0,8,5,Winter,pop,12483564.0
56,97,4.0,0,64,51,63,12,0,19,5,Fall,pop,92584265.0
49,180,4.0,1,72,61,63,67,0,9,28,Winter,pop,12483564.0
31,120,-1.0,0,81,63,68,11,0,11,4,Summer,pop,12483564.0
34,150,6.0,0,61,39,73,37,0,11,3,Spring,pop,12483564.0
53,96,5.0,0,75,57,68,9,0,13,6,Winter,pop,92584265.0
42,95,2.0,0,60,48,79,0,0,12,4,Winter,pop,92584265.0
28,125,5.0,1,79,96,85,27,0,11,6,Spring,corrido,5710644.0
25,144,9.0,1,56,84,65,23,0,10,6,Winter,pop,12483564.0
78,90,2.0,0,76,91,50,54,0,7,5,Fall,pop,12483564.0
80,128,7.0,1,56,38,97,4,0,35,4,Summer,pop,12483564.0
64,79,6.0,0,56,58,56,37,0,11,10,Summer,pop,12483564.0
80,144,-1.0,0,77,75,58,52,0,23,25,Summer,pop,12483564.0
19,122,5.0,0,67,49,64,10,0,10,3,Fall,pop,22630014.0
76,140,-1.0,0,71,82,81,11,0,6,5,Spring,piano rock,16461104.0
59,134,1.0,1,59,51,52,9,0,15,7,Fall,canadian contemporary r&b,74471480.0
79,186,7.0,0,68,49,59,16,0,13,28,Fall,pop,12483564.0
47,67,1.0,1,53,50,53,23,0,44,7,Winter,pop,12483564.0
38,106,10.0,1,72,17,64,7,0,10,5,Summer,pop,12483564.0
66,128,7.0,0,60,23,91,0,0,12,3,Spring,pop,12483564.0
39,107,6.0,1,92,55,70,18,0,15,7,Winter,reggaeton,41562822.0
59,130,7.0,1,67,96,88,12,19,8,4,Summer,electra,806409.0
83,123,4.0,1,45,13,54,70,0,9,4,Fall,chill pop,3553410.0
69,171,1.0,0,50,38,80,0,0,9,7,Fall,canadian contemporary r&b,74471480.0
42,137,7.0,1,64,88,72,51,0,17,5,Winter,colombian pop,5624844.0
45,125,7.0,1,84,85,68,58,0,22,4,Spring,colombian pop,13243949.0
41,128,-1.0,1,86,42,72,59,0,9,19,Summer,reggaeton,41562822.0
29,130,-1.0,1,61,53,58,55,0,27,4,Summer,pop,92584265.0
15,130,11.0,0,86,59,96,50,1,9,5,Spring,pop,12483564.0
41,133,5.0,0,70,86,81,25,0,25,5,Winter,pop,12483564.0
39,101,2.0,0,88,72,59,62,0,9,3,Summer,pop,12483564.0
50,95,5.0,1,77,53,64,74,0,17,14,Spring,pop,12483564.0
38,98,1.0,1,90,40,59,0,0,10,29,Fall,pop,12483564.0
43,173,11.0,0,43,28,66,0,0,23,3,Winter,pop,435.0
23,90,8.0,0,64,10,62,7,0,48,7,Fall,pop,92584265.0
56,198,10.0,1,59,71,42,55,0,10,7,Winter,afrobeats,364338.0
36,140,1.0,0,56,48,73,0,0,35,4,Summer,dfw rap,42692662.0
24,82,8.0,0,51,22,53,1,0,15,3,Summer,pop,92584265.0
35,130,1.0,1,77,84,89,17,0,43,5,Summer,pop,12483564.0
63,81,11.0,0,76,53,53,44,0,9,9,Summer,gauze pop,3935828.0
36,94,1.0,1,51,14,59,65,18,25,3,Summer,modern indie pop,3392820.0
61,124,10.0,0,61,41,81,5,2,10,3,Spring,modern alternative rock,14268534.0
45,128,2.0,0,62,55,78,1,3,23,4,Summer,pop,12483564.0
62,138,5.0,1,49,42,62,9,0,11,3,Winter,permanent wave,48074532.0
23,132,4.0,0,58,27,48,50,0,12,3,Summer,bedroom pop,1934550.0
42,131,2.0,0,71,24,47,1,0,27,9,Fall,pop,12483564.0
38,168,6.0,1,78,58,73,5,0,10,7,Winter,pop,12483564.0
20,98,1.0,0,68,40,79,33,0,30,6,Summer,pop argentino,5225210.0
55,102,1.0,0,48,50,73,43,0,15,4,Winter,folk-pop,2932897.0
30,101,10.0,0,34,32,57,78,0,20,3,Spring,pop,12483564.0
9,130,5.0,0,63,36,34,76,0,35,9,Summer,pop,12483564.0
17,142,2.0,0,50,20,64,1,0,12,3,Summer,pop,92584265.0
36,170,1.0,0,59,48,76,4,0,10,5,Summer,pop,12483564.0
44,124,8.0,1,78,70,68,3,1,11,4,Spring,pop,12483564.0
53,110,1.0,0,50,45,41,75,0,11,3,Fall,pop,11913232.0
43,92,1.0,1,91,43,71,9,0,9,8,Spring,pop,12483564.0
53,116,2.0,0,82,40,66,39,51,25,7,Summer,french pop,921947.0
50,129,9.0,0,63,84,82,70,8,9,7,Summer,pop,12483564.0
12,98,8.0,0,71,67,60,19,0,12,3,Spring,contemporary country,9545937.0
25,172,1.0,1,74,76,76,6,0,10,9,Spring,alternative r&b,368505.0
38,150,2.0,0,68,14,76,4,0,10,4,Spring,pop,12483564.0
23,136,9.0,1,62,19,53,11,0,6,4,Fall,pop,92584265.0
39,88,1.0,1,53,34,47,9,0,83,4,Summer,k-pop,11174072.0
23,143,3.0,0,83,69,44,15,0,10,33,Spring,pop,12483564.0
46,100,6.0,1,49,17,35,71,9,11,3,Spring,art pop,29649472.0
25,143,5.0,0,56,39,55,14,0,11,13,Winter,pop,15719257.0
52,112,1.0,1,56,24,66,7,0,12,3,Winter,art pop,29649472.0
47,93,7.0,0,62,57,59,3,0,38,3,Summer,k-pop,70986309.0
23,206,7.0,0,43,50,55,50,0,15,10,Winter,pop,92584265.0
58,88,7.0,1,68,17,71,15,0,11,5,Winter,pop,12483564.0
39,170,2.0,0,50,37,90,0,0,12,5,Spring,dfw rap,42692662.0
61,84,4.0,1,62,24,67,21,0,13,28,Winter,detroit hip hop,78441713.0
35,134,4.0,1,81,53,72,51,0,12,5,Summer,k-pop,6084241.0
27,158,10.0,0,54,50,40,61,0,10,6,Spring,corrido,8797974.0
52,116,1.0,0,80,92,80,4,0,10,3,Fall,pop,12483564.0
21,117,1.0,0,61,45,69,2,0,9,3,Spring,alt z,3166420.0
44,114,5.0,1,77,65,72,2,0,7,5,Spring,modern rock,51049147.0
43,108,2.0,1,61,47,68,0,0,13,3,Winter,british soul,52532812.0
32,144,4.0,1,74,37,53,7,0,21,10,Winter,pop,12483564.0
6,130,5.0,0,51,18,44,76,0,11,3,Winter,indonesian pop,726545.0
18,116,11.0,0,77,79,62,33,1,15,3,Summer,pop,12483564.0
15,121,7.0,0,65,49,78,0,0,17,4,Summer,pop,92584265.0
25,112,7.0,0,64,54,81,36,0,11,6,Winter,new romantic,3156899.0
36,100,10.0,1,70,47,52,30,0,6,33,Winter,conscious hip hop,21910661.0
59,150,3.0,1,55,30,78,24,0,12,8,Winter,europop,1001959.0
38,120,5.0,1,84,96,71,18,0,34,17,Winter,pop,12483564.0
34,127,11.0,1,82,89,85,4,0,23,6,Spring,pop,12483564.0
22,90,5.0,0,51,42,61,53,0,9,3,Summer,pop,92584265.0
11,128,9.0,1,75,79,63,33,0,15,4,Summer,pop,12483564.0
48,143,9.0,0,64,31,87,4,4,8,4,Spring,pop,12483564.0
27,139,8.0,0,74,68,68,3,0,26,4,Summer,pop,6363798.0
26,162,10.0,0,49,78,64,19,0,11,4,Winter,pop,12483564.0
24,92,-1.0,0,81,39,60,31,0,7,3,Summer,corridos tumbados,8991482.0
38,95,5.0,0,87,57,55,10,0,29,7,Summer,colombian pop,8244846.0
52,146,2.0,0,63,88,93,3,0,10,8,Summer,pop,12483564.0
34,95,-1.0,0,55,56,82,12,0,34,5,Fall,pop,30142706.0
30,115,4.0,1,35,12,30,93,0,10,3,Summer,pop,12483564.0
32,128,11.0,0,78,59,65,10,0,26,5,Summer,pop,12483564.0
33,130,4.0,1,82,69,83,3,0,27,5,Spring,k-pop girl group,7824041.0
27,127,9.0,1,80,74,77,36,0,11,4,Winter,k-pop,6084241.0
46,150,2.0,0,42,20,86,21,0,9,9,Winter,art pop,29649472.0
44,122,2.0,1,78,50,63,27,0,9,5,Winter,pop,12483564.0
25,140,-1.0,0,52,20,85,0,0,7,5,Spring,garage rock,22315809.0
16,140,-1.0,0,63,22,54,46,0,12,8,Summer,pop,12483564.0
46,119,1.0,1,75,48,53,18,0,18,34,Winter,pop,12483564.0
8,110,7.0,1,76,96,72,32,0,9,4,Spring,pop,12483564.0
13,95,8.0,0,60,17,45,16,0,11,2,Winter,pop,115378209.0
23,132,6.0,0,56,20,55,45,1,32,3,Summer,bedroom pop,1934550.0
23,125,10.0,1,77,74,78,4,0,23,11,Winter,modern rock,51049147.0
7,124,3.0,1,84,65,50,67,0,13,6,Spring,pop,12483564.0
8,133,11.0,1,93,68,65,42,0,12,25,Summer,pop,12483564.0
43,112,7.0,0,92,67,66,0,0,36,9,Winter,detroit hip hop,78441713.0
31,97,-1.0,0,79,92,89,5,0,6,5,Summer,pop,12483564.0
32,90,5.0,1,59,52,48,38,5,10,11,Fall,pop,12483564.0
38,80,3.0,1,65,27,69,8,0,53,4,Spring,pop,12483564.0
16,172,9.0,0,45,33,59,6,0,8,3,Winter,neo mellow,3165431.0
14,120,4.0,0,60,24,35,73,0,31,3,Spring,toronto indie,304853.0
21,140,7.0,1,74,96,80,18,0,5,5,Winter,corrido,926584.0
8,128,9.0,1,81,90,77,1,0,9,5,Summer,corrido,9430195.0
14,122,-1.0,0,78,70,81,57,0,10,5,Spring,corridos tumbados,8991482.0
37,130,-1.0,0,47,86,92,8,0,5,24,Winter,pop,241.0
9,160,9.0,0,69,61,71,33,0,31,20,Winter,pop,12483564.0
9,144,5.0,0,73,87,70,6,0,28,5,Winter,dance pop,52175804.0
14,192,11.0,0,50,85,52,11,0,28,6,Spring,pop,12483564.0
27,163,-1.0,0,54,40,67,0,0,9,17,Summer,pop,12483564.0
43,122,1.0,1,66,48,71,6,0,12,4,Winter,piano rock,16461104.0
24,154,2.0,0,61,41,74,21,0,40,6,Spring,canadian pop,74626073.0
26,117,9.0,1,73,31,69,6,0,11,4,Fall,pop rap,20807702.0
26,138,7.0,1,78,89,83,10,0,12,5,Winter,pop,12483564.0
18,96,-1.0,0,86,74,80,33,0,8,6,Summer,latin hip hop,33911613.0
24,104,1.0,0,77,36,63,1,0,36,5,Spring,pop,12483564.0
16,164,8.0,0,45,24,62,8,0,16,3,Winter,pop,92584265.0
13,118,-1.0,0,68,61,82,2,0,50,3,Spring,canadian contemporary r&b,74471480.0
19,81,11.0,1,68,51,60,3,0,19,10,Spring,r&b,4855411.0
19,117,1.0,0,82,73,45,54,0,7,3,Winter,album rock,5732918.0
35,174,2.0,0,45,10,37,97,25,64,4,Winter,indie folk,1372417.0
21,128,1.0,0,73,60,77,3,0,11,4,Winter,pop,12483564.0
11,145,-1.0,0,60,43,27,94,0,14,4,Winter,dance pop,52175804.0
19,150,1.0,1,65,51,55,73,0,14,3,Spring,alt z,4669757.0
16,90,9.0,1,60,13,53,4,0,21,4,Summer,pop,12483564.0
26,85,5.0,0,55,42,53,17,0,22,3,Winter,garage rock,22315809.0
13,180,3.0,0,33,38,71,20,0,28,5,Winter,modern rock,51049147.0
16,166,1.0,0,57,84,94,11,0,37,9,Spring,j-pop,6718827.0
17,160,8.0,0,71,40,50,16,0,16,22,Fall,canadian contemporary r&b,74471480.0
13,160,7.0,0,65,95,80,5,0,41,16,Winter,pop,92584265.0
29,92,2.0,0,70,81,63,4,0,8,4,Winter,garage rock,22315809.0
18,170,-1.0,0,56,53,64,11,0,45,6,Spring,alt z,313652.0
10,96,1.0,1,83,93,65,58,0,9,8,Winter,pop,115378209.0
18,120,8.0,0,67,40,52,86,0,12,4,Fall,boy band,33856068.0
14,98,-1.0,0,70,37,54,6,0,9,8,Winter,pop,12483564.0
7,92,7.0,0,53,12,34,1,0,12,4,Fall,alternative rock,8951706.0
10,150,9.0,0,34,24,56,4,0,11,3,Fall,pop,14316872.0
17,94,5.0,0,37,17,47,2,46,11,3,Spring,ambient pop,8737320.0
8,90,4.0,1,74,36,63,26,0,27,5,Spring,punjabi hip hop,2304199.0
30,160,9.0,0,54,54,55,67,0,42,11,Summer,lgbtq+ hip hop,12175430.0
16,120,-1.0,0,70,59,75,24,0,9,4,Summer,dfw rap,42692662.0
13,109,5.0,0,63,46,85,1,0,9,5,Winter,dance pop,52175804.0
31,129,4.0,1,57,41,66,63,0,12,5,Fall,irish singer-songwriter,6110250.0
22,157,7.0,0,54,75,60,30,0,7,5,Winter,pop,12483564.0
12,130,6.0,0,63,49,73,5,0,9,3,Spring,pop,92584265.0
42,107,5.0,1,65,19,72,10,0,13,25,Spring,reggaeton,76637811.0
11,146,11.0,1,50,67,89,0,0,19,8,Summer,pop,92584265.0
14,139,9.0,1,48,37,41,32,0,10,10,Winter,modern indie pop,438762.0
14,116,-1.0,0,74,76,70,7,0,13,3,Summer,classic rock,6193996.0
36,95,6.0,1,84,52,77,12,0,7,4,Summer,reggaeton,3604180.0
33,170,8.0,1,62,55,80,15,0,37,7,Summer,pop,12483564.0
22,134,6.0,1,81,18,64,3,0,10,11,Winter,k-pop,6084241.0
17,84,6.0,1,57,86,90,2,0,9,5,Fall,album rock,2257870.0
4,146,11.0,1,61,20,48,21,0,12,6,Summer,pop,12483564.0
14,74,10.0,1,53,24,67,11,0,10,28,Spring,pop,12483564.0
29,144,11.0,0,75,35,48,84,0,10,12,Spring,colombian pop,31999573.0
19,136,11.0,1,77,79,73,15,0,27,10,Fall,pop,12483564.0
6,100,4.0,0,56,53,55,53,0,12,4,Spring,pop,12483564.0
19,105,5.0,1,89,67,78,9,0,7,33,Summer,k-pop,13367658.0
0,106,5.0,0,67,24,78,15,0,30,4,Spring,pop,92584265.0
10,132,2.0,0,85,53,68,40,0,9,4,Spring,pop,12483564.0
5,120,9.0,0,78,5,30,21,0,13,5,Summer,pop,12483564.0
13,155,1.0,0,82,51,39,2,0,9,49,Spring,rap,251786.0
5,129,8.0,0,70,42,43,78,0,11,3,Spring,pop,12483564.0
6,135,5.0,1,80,85,74,62,0,8,9,Fall,pop,12483564.0
3,98,10.0,1,73,45,62,28,0,13,13,Summer,pop,12483564.0
18,124,9.0,1,84,64,39,3,0,11,4,Spring,k-pop,2047278.0
0,135,9.0,1,77,28,55,18,0,22,15,Summer,pop,12483564.0
30,107,2.0,0,78,39,53,30,0,11,6,Spring,pop,115378209.0
25,96,2.0,0,54,25,74,14,0,9,11,Fall,pop,12483564.0
34,123,8.0,0,71,58,70,30,0,32,19,Fall,pop,12483564.0
0,90,8.0,0,62,7,62,6,0,58,6,Spring,pop,12483564.0
16,117,5.0,1,72,45,59,14,0,20,21,Winter,pop,12483564.0
8,133,9.0,1,78,90,84,31,0,7,4,Spring,pop,12483564.0
36,96,8.0,1,74,61,83,11,0,35,6,Winter,colombian pop,8244846.0
10,149,8.0,0,66,85,60,40,0,14,13,Winter,pop,12483564.0
2,110,6.0,1,66,32,40,81,0,11,3,Spring,pop,12483564.0
6,105,6.0,0,95,62,52,3,0,5,16,Fall,new jersey underground rap,666707.0
69,105,1.0,0,80,69,78,28,0,11,14,Spring,anime,6962129.0
5,134,11.0,0,76,61,58,6,0,16,3,Spring,pop,12483564.0
36,170,4.0,1,71,59,56,4,0,27,12,Summer,colombian pop,8244846.0
1,81,6.0,0,59,26,60,46,1,25,13,Summer,pop,12483564.0
5,154,6.0,0,63,75,92,31,0,91,5,Spring,pop,12483564.0
12,169,1.0,0,69,69,51,63,0,38,4,Summer,afrofuturism,3854647.0
10,115,7.0,0,78,64,69,4,0,7,14,Summer,pop,12483564.0
6,84,9.0,1,43,14,74,1,0,19,8,Summer,pop,12483564.0
22,93,8.0,0,79,58,62,11,0,11,23,Spring,pop,12483564.0
34,91,7.0,0,82,47,62,10,0,10,15,Spring,pop,12483564.0
6,142,10.0,1,82,54,44,6,0,33,7,Spring,canadian hip hop,81943946.0
0,126,1.0,0,78,20,70,1,0,16,4,Spring,pop,12483564.0
8,97,10.0,0,73,10,44,26,0,16,8,Fall,pop,92584265.0
0,101,5.0,0,92,59,51,41,51,26,8,Summer,pop,12483564.0
33,98,7.0,1,80,23,48,14,0,6,5,Spring,reggaeton,76637811.0
5,154,6.0,0,59,63,89,18,0,80,9,Winter,sertanejo,570089.0
24,120,9.0,0,91,63,58,52,0,31,22,Winter,latin pop,7161935.0
13,150,11.0,0,49,4,55,7,0,6,3,Fall,hip hop,16188407.0
13,174,9.0,0,47,27,78,11,0,10,8,Winter,australian dance,27220480.0
4,202,10.0,0,34,25,51,69,0,18,4,Fall,gen z singer-songwriter,966427.0
18,153,11.0,1,56,42,52,5,0,36,24,Fall,pop,12483564.0
20,142,5.0,0,60,13,37,58,0,13,3,Fall,british soul,52532812.0
4,108,9.0,1,84,55,47,26,0,20,64,Spring,pop,12483564.0
0,143,11.0,0,83,25,69,4,0,23,12,Summer,pop,12483564.0
2,108,2.0,0,67,55,67,60,0,80,5,Winter,pop,12483564.0
27,104,5.0,1,95,78,66,3,0,4,6,Winter,detroit hip hop,78441713.0
20,93,6.0,1,84,96,79,43,0,18,11,Winter,pop,12483564.0
32,105,6.0,1,65,46,53,16,0,9,5,Winter,canadian hip hop,6131276.0
6,170,8.0,0,44,27,32,89,0,14,5,Summer,viral pop,9084796.0
1,178,1.0,1,62,56,66,18,0,12,5,Spring,pop,12483564.0
0,176,6.0,1,50,44,76,10,0,32,5,Spring,pop,115378209.0
13,104,4.0,1,80,38,88,11,0,11,5,Spring,pop,12483564.0
12,85,7.0,0,70,83,84,31,0,47,30,Spring,k-rap,13252093.0
4,117,6.0,1,77,69,58,39,0,26,5,Spring,pop,12483564.0
35,80,-1.0,0,52,57,48,86,0,15,39,Winter,reggaeton,41562822.0
3,98,5.0,0,44,36,41,50,0,38,5,Spring,indie poptimism,3091457.0
33,178,1.0,1,79,58,78,34,0,11,25,Winter,pop,12483564.0
9,148,9.0,0,51,27,33,48,0,22,3,Spring,alt z,711588.0
10,120,2.0,0,77,94,66,65,0,38,3,Winter,k-pop girl group,1361649.0
15,122,4.0,1,68,38,88,1,0,8,5,Spring,chamber pop,3503988.0
2,144,5.0,0,74,75,73,42,0,9,4,Winter,sped up,40377.0
12,96,2.0,0,93,47,47,33,0,10,36,Spring,pop,12483564.0
12,137,8.0,0,77,35,88,16,0,17,9,Spring,k-pop,10535316.0
4,121,6.0,1,94,71,61,12,0,53,42,Spring,memphis hip hop,7045458.0
0,119,9.0,1,60,10,57,1,0,50,3,Spring,pop,12483564.0
6,96,2.0,0,72,40,47,71,0,13,4,Summer,pop,92584265.0
34,111,1.0,0,87,53,52,66,1,11,5,Spring,reggaeton,41562822.0
4,148,9.0,0,90,74,68,14,0,10,19,Spring,pop,12483564.0
10,182,9.0,0,57,80,59,8,0,6,5,Winter,pop,12483564.0
30,141,2.0,0,79,82,86,28,0,4,9,Fall,pop,115378209.0
6,145,4.0,1,76,80,81,19,0,6,9,Winter,pop,12483564.0
9,110,11.0,1,76,26,70,1,0,41,6,Spring,pop,12483564.0
4,134,7.0,0,70,35,41,41,0,10,3,Summer,indonesian pop,764517.0
33,130,7.0,0,92,78,62,18,0,6,10,Summer,pop,12483564.0
6,145,10.0,0,84,88,53,35,0,8,7,Fall,hip pop,14205397.0
10,130,11.0,1,69,36,90,1,10,15,4,Winter,pop,12483564.0
18,173,-1.0,0,59,69,53,12,0,23,3,Spring,musica chihuahuense,2305103.0
35,92,11.0,1,75,55,76,25,0,10,15,Fall,rap canario,3291901.0
13,105,5.0,1,56,57,87,0,1,10,4,Summer,pov: indie,3790425.0
24,175,7.0,1,59,15,64,43,90,12,10,Fall,phonk brasileiro,556253.0
4,120,7.0,1,80,33,70,22,0,9,4,Spring,pop,12483564.0
5,139,3.0,1,70,77,48,37,0,12,5,Winter,pop,12483564.0
13,132,-1.0,1,59,56,82,12,0,12,6,Spring,k-pop,6882913.0
15,114,10.0,0,32,17,74,14,0,17,3,Spring,pop,12483564.0
0,145,11.0,1,54,19,48,36,0,37,5,Spring,pop,12483564.0
17,110,-1.0,0,82,67,69,0,0,18,4,Fall,k-pop,46838691.0
30,94,8.0,0,89,61,66,17,0,36,16,Winter,pop,12483564.0
6,134,1.0,0,45,17,60,21,0,33,4,Spring,canadian contemporary r&b,74471480.0
19,120,7.0,0,62,32,76,0,0,39,4,Spring,k-pop,6882913.0
4,123,7.0,1,70,86,68,24,0,11,4,Winter,pop,12483564.0
17,131,10.0,0,77,84,71,35,0,15,4,Winter,pop,12483564.0
21,171,2.0,0,70,6,73,1,0,36,26,Winter,detroit hip hop,78441713.0
14,130,4.0,1,80,64,76,2,0,20,6,Spring,pop,12483564.0
34,94,11.0,0,82,53,67,34,0,9,8,Spring,pop,12483564.0
4,89,7.0,1,73,44,57,39,0,32,6,Spring,pop,12483564.0
9,87,5.0,1,65,71,56,4,0,15,20,Spring,colombian pop,8244846.0
3,124,11.0,1,72,79,78,55,0,15,30,Spring,pop,12483564.0
0,78,8.0,0,71,80,65,51,0,22,32,Spring,hip hop,13111657.0
26,120,8.0,0,70,70,79,7,0,18,10,Fall,pop,12483564.0
0,96,6.0,1,48,50,80,40,0,37,20,Spring,hip hop,13111657.0
0,106,7.0,0,73,22,86,31,0,12,4,Spring,hip hop,9200502.0
17,170,2.0,1,78,75,46,62,0,12,35,Winter,reggaeton,257630.0
0,134,11.0,1,67,11,76,8,47,30,7,Spring,pop,12483564.0
8,115,10.0,0,71,90,73,30,0,11,5,Spring,pop,30142706.0
4,130,6.0,0,74,79,87,45,0,30,3,Winter,pop,12483564.0
5,118,-1.0,0,65,63,79,3,0,10,3,Spring,pop,12483564.0
12,110,7.0,0,59,22,38,42,0,12,3,Spring,classic oklahoma country,2564712.0
0,100,9.0,0,72,42,66,18,4,19,4,Spring,alt z,18710239.0
6,142,7.0,1,70,76,79,26,0,11,7,Spring,pop,12483564.0
4,140,-1.0,0,64,18,37,72,0,12,7,Fall,pop,92584265.0
4,116,7.0,0,90,96,73,62,0,9,4,Winter,singer-songwriter pop,147440.0
9,120,9.0,0,73,64,85,25,0,61,3,Spring,contemporary country,7652211.0
37,92,5.0,1,76,46,79,31,0,7,6,Spring,pop,12483564.0
2,110,8.0,1,81,64,79,5,0,31,3,Fall,latin viral pop,3921167.0
20,120,10.0,0,71,57,97,1,0,13,11,Winter,drift phonk,1005852.0
17,80,8.0,0,63,40,61,9,0,56,6,Summer,pop,12483564.0
26,115,5.0,1,95,43,69,47,0,9,31,Fall,pop,12483564.0
7,76,10.0,0,58,46,67,65,0,13,4,Fall,chicago indie,570692.0
7,172,6.0,0,60,77,78,45,0,12,6,Winter,afrofuturism,3854647.0
16,99,10.0,0,40,45,56,69,0,9,5,Fall,pop,14316872.0
4,136,-1.0,1,36,12,57,9,0,14,8,Spring,canadian contemporary r&b,74471480.0
0,150,8.0,1,90,64,14,67,35,11,10,Spring,edmonton indie,4816992.0
0,92,10.0,1,71,41,31,79,0,10,5,Spring,comedy rock,112164.0
16,95,1.0,0,77,72,87,17,0,7,5,Winter,pop,12483564.0
30,102,11.0,1,83,58,83,21,0,10,5,Summer,pop,12483564.0
0,145,-1.0,1,70,34,55,43,0,16,6,Winter,pop,15719257.0
5,110,9.0,0,50,24,86,0,0,64,4,Spring,alternative metal,24715494.0
0,95,-1.0,0,64,30,77,46,0,38,6,Winter,pop,12483564.0
2,94,11.0,1,68,81,82,53,0,9,13,Spring,pop,12483564.0
4,142,7.0,0,61,92,91,0,0,26,3,Winter,contemporary country,7652211.0
10,145,6.0,1,59,20,74,1,0,15,5,Summer,pop,12483564.0
4,121,6.0,1,64,67,80,0,0,36,3,Spring,contemporary country,7652211.0
6,140,3.0,1,66,43,76,49,0,12,3,Spring,contemporary country,7652211.0
0,137,1.0,1,84,44,67,8,0,11,6,Winter,pop,12483564.0
0,104,8.0,0,56,72,85,0,0,15,3,Winter,contemporary country,7652211.0
2,92,5.0,0,57,68,76,7,0,33,3,Winter,pop,9850471.0
20,146,2.0,1,74,51,45,86,0,21,38,Winter,melodic drill,4325725.0
4,120,2.0,0,56,20,43,89,0,12,4,Winter,indonesian pop,9708933.0
0,144,2.0,0,68,83,81,9,0,8,4,Winter,contemporary country,7652211.0
0,94,9.0,0,59,44,56,80,0,6,3,Fall,pop,2.0
14,94,8.0,0,73,65,79,5,2,11,6,Fall,bedroom r&b,304686.0
15,113,7.0,1,79,66,74,8,0,11,5,Winter,pop,12483564.0
0,148,4.0,0,50,49,76,12,0,12,3,Spring,pop,12483564.0
0,98,1.0,0,70,29,73,12,0,11,26,Spring,hip pop,30039647.0
6,140,11.0,0,58,26,38,91,0,10,4,Spring,balochi pop,592468.0
6,100,7.0,0,36,28,28,81,0,18,3,Winter,pop,15719257.0
11,140,6.0,0,86,68,79,39,0,11,29,Winter,pop,12483564.0
17,100,4.0,1,59,78,94,27,0,29,23,Summer,k-pop,6084241.0
0,100,9.0,1,59,49,65,2,0,13,3,Winter,art pop,28462206.0
15,132,-1.0,1,87,82,70,42,0,21,5,Fall,pop,12483564.0
0,142,2.0,0,49,48,67,10,0,26,3,Spring,contemporary country,7652211.0
22,176,4.0,1,72,96,63,25,0,21,7,Winter,rap canario,3291901.0
4,140,6.0,0,53,51,70,49,0,14,3,Spring,contemporary country,7652211.0
6,105,3.0,1,55,40,90,1,0,32,6,Fall,alternative metal,24715494.0
4,135,5.0,0,81,97,77,75,0,35,3,Winter,arrocha,2105261.0
0,128,4.0,1,82,61,59,30,0,12,4,Summer,pop,27246.0
14,101,5.0,0,74,43,69,12,0,12,7,Summer,pop,12483564.0
30,122,10.0,0,88,43,50,7,0,14,5,Spring,reggaeton,76637811.0
34,105,-1.0,1,76,49,56,80,12,10,13,Fall,rap canario,3291901.0
4,83,1.0,0,53,40,36,73,0,11,33,Winter,pop,12483564.0
7,77,11.0,1,72,59,76,24,0,42,28,Fall,pop,12483564.0
11,140,11.0,1,75,18,25,78,0,11,26,Summer,emo rap,43528763.0
6,158,1.0,0,65,72,95,31,0,92,5,Fall,pop,12483564.0
31,176,7.0,0,75,43,65,15,0,11,32,Summer,pop,12483564.0
15,98,11.0,0,73,88,57,56,0,5,2,Fall,pop,12483564.0
0,107,11.0,1,66,47,40,72,0,11,3,Winter,australian hip hop,4882868.0
6,109,5.0,1,66,16,57,10,1,12,3,Winter,canadian contemporary r&b,74471480.0
2,109,10.0,1,84,72,74,10,0,34,7,Summer,escape room,5669928.0
0,148,-1.0,0,53,61,81,5,0,36,4,Spring,contemporary country,7652211.0
14,158,6.0,1,60,52,76,17,0,19,5,Spring,japanese teen pop,2762108.0
13,94,5.0,1,74,64,73,6,0,10,6,Fall,pop,12483564.0
6,96,6.0,1,70,40,51,35,0,10,4,Fall,chicago rap,3494616.0
33,100,5.0,1,80,29,67,29,0,12,3,Spring,reggaeton,76637811.0
13,105,9.0,0,58,42,68,1,0,14,4,Fall,pop,12483564.0
0,125,-1.0,0,53,32,66,38,0,9,3,Spring,contemporary country,7652211.0
0,170,6.0,1,56,56,63,13,0,19,27,Winter,pop,12483564.0
0,115,-1.0,0,70,84,90,17,0,41,6,Winter,pop,12483564.0
16,122,8.0,0,64,25,89,0,0,15,9,Winter,dance pop,16074521.0
12,105,10.0,1,88,82,80,8,0,11,8,Fall,k-pop girl group,3482267.0
0,133,5.0,0,66,74,84,25,0,21,4,Fall,bedroom pop,2591607.0
2,100,-1.0,0,79,60,68,7,0,26,4,Winter,pop,12483564.0
0,120,3.0,1,82,55,45,15,3,9,10,Fall,pop,15719257.0
0,177,9.0,0,25,17,30,90,0,13,3,Fall,barbadian pop,58513773.0
0,142,2.0,1,64,31,72,15,0,9,5,Fall,lgbtq+ hip hop,12483564.0
16,144,4.0,1,57,47,84,1,1,52,4,Fall,pov: indie,483347.0
0,120,11.0,1,65,80,86,9,0,19,10,Spring,pop,12483564.0
0,135,2.0,0,92,73,51,55,0,15,6,Fall,trap queen,395470.0
10,107,11.0,0,81,82,78,38,0,12,4,Winter,pop,1.0
4,105,7.0,0,82,62,74,10,0,33,7,Winter,pop,12483564.0
0,108,6.0,1,44,38,77,9,0,9,20,Fall,pop,12483564.0
4,147,-1.0,1,51,62,79,22,13,14,3,Winter,art pop,1988416.0
20,115,-1.0,0,71,34,88,16,0,44,4,Fall,pop,12483564.0
9,174,5.0,0,70,57,64,23,0,8,32,Spring,pop,12483564.0
6,90,10.0,1,68,83,71,3,0,31,8,Winter,pop,12483564.0
2,141,4.0,1,41,9,25,84,1,14,4,Summer,art pop,88762228.0
3,82,5.0,0,68,50,49,56,0,8,4,Winter,pop,23344037.0
7,92,5.0,0,47,25,43,62,0,32,3,Spring,bedroom pop,8626260.0
4,116,8.0,1,77,65,80,6,0,15,4,Winter,pop,12483564.0
10,124,9.0,1,79,59,86,4,0,8,11,Summer,pop,12483564.0
0,125,10.0,1,71,83,89,1,0,17,9,Winter,k-pop,9016568.0
16,90,-1.0,0,80,71,69,2,0,27,10,Summer,k-pop,46838691.0
14,83,1.0,0,46,34,64,31,0,7,34,Spring,pop,12483564.0
0,124,11.0,1,79,68,79,1,0,10,8,Fall,dance pop,42123822.0
14,140,8.0,0,58,4,60,7,41,8,3,Summer,weirdcore,636374.0
4,154,-1.0,0,64,61,91,15,0,72,4,Fall,pop,12483564.0
0,150,3.0,1,74,89,70,2,0,5,6,Summer,pop,12483564.0
8,186,4.0,1,41,9,61,2,0,12,5,Winter,pop,12483564.0
6,166,8.0,1,40,23,48,5,0,12,3,Spring,folk-pop,896739.0
12,107,-1.0,0,87,20,83,0,4,31,9,Fall,pop,12483564.0
0,87,7.0,0,87,52,52,31,0,28,24,Fall,pop,12483564.0
15,82,8.0,0,40,39,64,21,0,7,7,Summer,australian pop,2823180.0
0,114,9.0,1,46,60,28,91,0,21,4,Winter,pop,15719257.0
0,148,8.0,0,47,15,52,38,13,29,5,Fall,viral pop,9084796.0
44,140,6.0,0,91,97,57,38,0,40,29,Summer,melodic drill,4325725.0
0,101,7.0,0,90,76,81,15,24,33,6,Fall,perreo,356320.0
0,140,1.0,1,81,6,84,5,23,6,6,Winter,pop,12483564.0
0,88,7.0,1,49,24,66,19,0,18,29,Winter,pop,12483564.0
28,180,1.0,0,64,44,65,28,0,14,12,Summer,reggaeton,76637811.0
0,133,2.0,0,95,91,89,6,0,31,24,Summer,hip pop,30039647.0
0,108,10.0,1,63,20,55,72,0,6,6,Fall,art pop,1766780.0
0,80,5.0,1,39,24,43,39,0,23,3,Winter,album rock,13934952.0
0,75,11.0,1,80,46,62,3,6,11,46,Summer,aesthetic rap,1674680.0
44,121,6.0,1,67,26,64,52,0,17,10,Summer,pop,12483564.0
0,140,2.0,1,58,17,62,18,0,20,8,Fall,pop,12483564.0
8,126,11.0,1,81,59,90,5,0,36,3,Fall,pop,115378209.0
4,102,1.0,0,58,29,94,0,0,9,11,Fall,anime,5456659.0
0,82,9.0,0,70,31,34,60,1,11,4,Spring,bedroom pop,891112.0
2,121,1.0,1,46,53,78,23,0,72,6,Winter,pop,15719257.0
8,103,6.0,1,70,92,83,1,0,7,6,Spring,pop,12483564.0
0,108,5.0,1,82,88,76,9,0,12,9,Summer,dance pop,27254903.0
7,85,5.0,1,65,36,47,31,0,12,10,Fall,modern indie pop,438762.0
28,125,1.0,1,84,70,69,1,0,5,5,Spring,pop,12483564.0
2,120,2.0,0,69,40,39,41,0,13,6,Fall,pop,92584265.0
6,94,-1.0,0,58,44,57,57,0,10,3,Summer,pop,12483564.0
0,130,6.0,1,65,49,80,22,4,7,5,Winter,pop,12483564.0
4,110,4.0,0,74,51,74,2,0,29,4,Winter,pop,12483564.0
0,150,7.0,0,34,33,63,16,0,7,4,Fall,dance pop,9439286.0
0,107,11.0,1,74,88,65,28,0,46,3,Winter,new romantic,2506424.0
0,140,8.0,0,70,85,41,71,0,45,5,Winter,adult standards,337304.0
0,119,2.0,0,74,78,37,84,0,6,3,Winter,pop,33774.0
0,93,4.0,0,35,38,23,91,0,29,3,Fall,pop,12483564.0
0,133,7.0,0,46,53,63,5,0,30,18,Winter,pop,94857187.0
0,202,7.0,0,24,76,60,77,0,12,4,Fall,adult standards,511425.0
0,134,1.0,0,45,72,24,91,0,18,4,Fall,adult standards,1565983.0
0,105,1.0,0,72,33,51,48,0,9,3,Winter,australian dance,27220480.0
0,160,8.0,0,51,69,81,0,0,21,5,Fall,dance pop,10247898.0
0,148,2.0,0,50,96,82,47,0,34,4,Fall,pop,12483564.0
0,151,7.0,0,65,70,47,87,0,9,4,Fall,pop,12483564.0
0,162,6.0,1,67,88,54,51,0,9,4,Winter,canadian pop,74626073.0
0,92,2.0,0,53,84,77,40,0,32,3,Fall,brill building pop,263012.0
0,152,1.0,0,65,35,65,44,18,21,7,Winter,pop,15719257.0
0,65,9.0,1,71,55,26,85,0,13,8,Winter,pop,15719257.0
0,147,2.0,0,33,39,61,32,0,77,3,Winter,pop,12483564.0
0,150,10.0,1,73,71,69,53,0,32,9,Winter,pop,12483564.0
0,140,-1.0,0,67,81,36,64,0,15,3,Winter,adult standards,91637.0
0,139,1.0,0,36,22,15,84,0,11,4,Fall,adult standards,2133360.0
0,95,11.0,0,75,74,58,36,0,9,3,Fall,beatlesque,4587747.0
0,115,-1.0,0,60,23,57,0,2,27,3,Fall,musical advocacy,26833.0
0,125,6.0,0,62,59,43,84,3,11,5,Winter,pop,12483564.0
0,76,-1.0,0,60,19,20,78,0,11,5,Winter,pop,15719257.0
0,101,1.0,1,72,91,87,14,0,13,3,Winter,classic uk pop,137158.0
0,143,2.0,0,60,86,32,88,0,34,6,Winter,pop,12483564.0
0,119,7.0,1,51,51,66,67,0,9,23,Winter,pop,15719257.0
4,78,9.0,0,67,22,59,76,1,15,16,Winter,pop,12483564.0
0,96,9.0,0,23,19,25,91,0,40,3,Winter,pop,12483564.0
0,180,9.0,0,51,87,58,36,0,18,4,Winter,soft rock,959288.0
0,126,3.0,0,34,35,76,39,0,8,5,Fall,pop,53242.0
0,150,5.0,0,43,42,44,57,0,15,6,Winter,pop,15719257.0
0,90,2.0,0,53,47,74,9,0,34,4,Winter,pop,15719257.0
0,160,5.0,0,72,78,68,28,0,11,12,Winter,pop,15719257.0
0,114,-1.0,0,59,60,94,24,0,10,4,Fall,pop,12483564.0
0,113,7.0,0,73,72,32,77,0,15,5,Winter,pop,12483564.0
0,147,-1.0,0,67,69,72,17,0,19,3,Fall,dance pop,13221122.0
2,100,11.0,1,70,92,59,3,0,10,3,Fall,pop,12483564.0
2,155,8.0,0,49,42,77,3,0,12,9,Winter,k-rap,15442286.0
0,107,7.0,1,54,41,39,51,0,11,16,Winter,pop,15719257.0
0,112,8.0,0,80,15,54,9,0,38,5,Winter,pop,12483564.0
0,166,1.0,0,70,57,57,9,20,11,7,Fall,bedroom r&b,304686.0
0,107,6.0,1,69,96,36,81,0,8,4,Winter,adult standards,2133360.0
0,81,8.0,0,47,33,68,24,0,22,38,Winter,pop,15719257.0
0,150,1.0,0,79,77,46,5,0,11,7,Winter,pop,15719257.0
0,110,9.0,0,66,19,32,69,0,12,4,Fall,pop,12483564.0
0,108,7.0,0,64,4,40,6,0,10,6,Fall,pop,92584265.0
0,130,4.0,1,89,48,74,30,0,7,36,Fall,pop,12483564.0
0,164,7.0,0,70,39,56,6,0,9,7,Fall,pop,92584265.0
20,114,11.0,1,80,42,68,2,0,66,4,Spring,pop,12483564.0
0,93,5.0,0,63,93,88,1,0,12,4,Fall,pop,12483564.0
34,90,1.0,1,87,51,69,36,0,9,8,Summer,pop,12483564.0
0,128,11.0,0,45,35,68,78,0,39,8,Winter,pop,15719257.0
4,97,9.0,0,83,47,80,2,0,24,9,Spring,pop,12483564.0
0,152,7.0,1,69,94,71,79,0,7,8,Winter,blues,1893229.0
0,175,8.0,0,51,94,34,73,0,10,5,Winter,adult standards,6678872.0
0,116,2.0,0,61,48,55,67,0,16,8,Winter,pop,15719257.0
0,80,5.0,1,33,51,59,76,0,44,6,Winter,pop,12483564.0
13,93,11.0,1,63,34,86,26,0,21,39,Summer,pop,12483564.0
0,122,4.0,0,70,42,54,30,0,37,5,Summer,apostolic worship,122066.0
0,122,7.0,0,70,91,79,3,0,7,10,Winter,canadian contemporary r&b,74471480.0
6,135,9.0,1,70,60,58,4,0,16,3,Winter,canadian contemporary r&b,74471480.0
0,109,5.0,0,60,45,47,62,0,31,5,Winter,alt z,1217079.0
0,93,-1.0,1,65,82,74,27,0,32,5,Winter,canadian contemporary r&b,74471480.0
0,125,11.0,1,85,64,81,2,5,7,9,Summer,pop,12483564.0
0,206,-1.0,1,58,83,45,36,0,11,8,Fall,pop,12483564.0
17,130,7.0,0,76,44,77,1,0,13,3,Summer,reggaeton,15752882.0
0,121,7.0,1,80,62,51,2,0,9,8,Winter,canadian contemporary r&b,74471480.0
0,123,6.0,1,74,35,73,0,0,21,5,Winter,canadian contemporary r&b,74471480.0
0,122,11.0,1,67,50,67,15,0,30,4,Summer,indie poptimism,904553.0
0,143,-1.0,0,53,50,79,0,0,8,3,Winter,canadian contemporary r&b,74471480.0
0,121,10.0,1,70,35,77,1,0,26,4,Summer,canadian contemporary r&b,74471480.0
6,166,6.0,1,56,68,66,28,0,11,18,Spring,pop,29886574.0
0,135,1.0,0,41,27,64,36,0,60,3,Winter,pop,12483564.0
0,87,4.0,1,49,49,59,44,0,35,21,Winter,canadian contemporary r&b,74471480.0
0,111,8.0,0,77,74,66,30,0,13,3,Spring,pop,12483564.0
0,110,2.0,0,75,85,84,10,0,31,19,Winter,pop,12483564.0
0,130,1.0,0,66,19,61,30,0,9,7,Summer,dance pop,27254903.0
0,179,8.0,1,61,76,51,30,0,38,15,Fall,lgbtq+ hip hop,12483564.0
2,93,5.0,1,74,53,73,61,0,13,4,Summer,afro r&b,1376692.0
0,78,9.0,1,27,10,49,62,0,49,5,Winter,canadian contemporary r&b,74471480.0
0,180,2.0,0,65,37,58,2,0,4,31,Fall,movie tunes,19480.0
0,86,9.0,1,28,13,41,50,0,19,3,Winter,canadian contemporary r&b,74471480.0
0,88,1.0,1,74,55,85,1,0,5,22,Fall,lgbtq+ hip hop,12483564.0
0,97,1.0,0,68,72,78,4,0,7,5,Fall,pop,12483564.0
0,134,11.0,1,71,59,80,13,0,36,5,Winter,pop,12483564.0
2,116,2.0,0,75,36,76,12,0,10,10,Fall,pop,12483564.0
26,170,4.0,1,64,14,70,9,0,9,8,Fall,pop,12483564.0
13,140,1.0,1,83,40,55,16,0,14,23,Fall,anime,3011581.0
6,118,7.0,1,75,46,76,3,0,9,4,Fall,pop,12483564.0
0,65,-1.0,0,31,31,24,76,0,14,4,Summer,art pop,88762228.0
17,120,-1.0,1,56,16,67,0,0,11,4,Fall,pop,12483564.0
6,176,3.0,0,29,12,33,68,0,12,5,Spring,pop,12483564.0
0,180,8.0,1,59,69,61,84,0,46,36,Fall,sad rap,3805047.0
3,144,10.0,0,59,21,43,76,0,10,7,Winter,pop,29886574.0
1,133,6.0,1,82,52,61,38,0,14,27,Fall,pop,12483564.0
5,93,-1.0,0,63,21,52,28,0,9,3,Fall,pop,92584265.0
0,122,10.0,0,77,25,62,34,0,23,3,Winter,canadian contemporary r&b,74471480.0
0,88,1.0,0,53,55,73,9,0,3,5,Fall,british soul,52532812.0
3,170,5.0,1,70,61,44,40,0,37,4,Winter,pop,12483564.0
0,94,5.0,1,46,55,50,71,0,10,11,Winter,canadian contemporary r&b,74471480.0
0,170,10.0,0,65,46,47,12,0,13,16,Fall,alt z,162536.0
2,90,4.0,1,79,79,70,57,0,66,8,Fall,pop,12483564.0
0,78,7.0,0,40,7,29,62,0,9,3,Winter,canadian pop,42727516.0
12,94,2.0,0,57,36,58,5,0,15,3,Spring,modern alternative rock,14268534.0
0,73,2.0,0,83,11,41,0,0,36,14,Fall,florida drill,9908868.0
10,176,1.0,0,73,79,86,42,0,7,18,Summer,pop,12483564.0
8,128,3.0,1,81,57,63,40,1,10,4,Fall,puerto rican pop,19319835.0
0,120,8.0,0,58,44,60,44,9,5,6,Summer,pop,12483564.0
0,82,2.0,0,63,85,62,6,0,35,4,Fall,pop,12483564.0
0,95,2.0,0,77,40,47,2,0,9,3,Spring,pop,12483564.0
0,118,-1.0,0,44,52,94,11,0,4,29,Winter,canadian contemporary r&b,74471480.0
9,123,11.0,1,75,93,86,8,0,14,3,Fall,colombian pop,22583386.0
0,90,-1.0,0,63,49,68,38,0,42,18,Spring,pop,12483564.0
21,110,4.0,1,73,14,57,40,0,11,5,Fall,pop,12483564.0
12,96,1.0,1,66,76,82,47,0,10,32,Winter,pop,12483564.0
0,88,2.0,1,56,58,55,35,0,23,11,Winter,belgian pop,3141805.0
2,98,9.0,1,73,60,85,17,0,24,5,Fall,pop,12483564.0
0,110,-1.0,1,72,67,68,0,0,14,4,Fall,pop,12483564.0
0,80,-1.0,0,70,57,49,19,0,12,8,Summer,alternative hip hop,2366944.0
0,110,1.0,1,86,31,53,43,0,11,6,Fall,pop,12483564.0
6,110,8.0,0,79,70,36,0,0,6,11,Spring,k-pop,70986309.0
0,78,1.0,1,77,49,42,1,1,13,19,Winter,pop,1628.0
0,129,8.0,0,83,44,62,2,0,8,6,Summer,pop,12483564.0
4,181,9.0,0,44,22,60,61,0,42,9,Spring,pop,29886574.0
5,114,6.0,1,75,74,77,1,0,9,10,Summer,k-pop,70986309.0
0,144,2.0,0,74,39,65,5,1,11,35,Fall,gambian hip hop,64351.0
2,101,2.0,0,66,18,68,9,0,12,4,Winter,pop,12483564.0
0,84,2.0,0,67,78,63,29,0,12,5,Fall,pop,12483564.0
19,154,6.0,0,66,63,69,21,0,11,7,Summer,pop,12483564.0
0,148,5.0,0,59,72,62,18,0,9,3,Spring,pop,12483564.0
0,146,5.0,1,85,22,37,13,0,7,30,Fall,pop,12483564.0
0,120,11.0,1,77,51,79,20,0,26,6,Summer,pop,12483564.0
0,110,9.0,0,53,75,69,7,0,17,3,Winter,pop,46110.0
3,136,-1.0,1,77,82,30,95,0,13,5,Fall,pop,12483564.0
0,141,1.0,0,59,56,63,12,0,6,36,Fall,pop,12483564.0
0,108,9.0,1,46,23,48,75,30,14,4,Winter,canadian contemporary r&b,74471480.0
0,94,-1.0,0,42,47,36,76,0,9,5,Fall,colombian pop,22583386.0
3,180,9.0,0,35,41,94,0,63,5,5,Spring,dreamo,1006680.0
0,122,10.0,0,77,51,79,5,0,16,5,Fall,dance pop,11963238.0
4,85,10.0,0,59,33,52,7,15,12,3,Fall,modern alternative rock,14268534.0
0,148,1.0,0,68,29,73,0,0,7,7,Winter,pop,12483564.0
1,120,9.0,0,83,59,73,6,0,5,11,Winter,chamber pop,3503988.0
0,91,7.0,1,70,76,72,22,0,27,4,Summer,pop,12483564.0
0,120,4.0,0,72,54,71,26,0,10,4,Fall,pop,12483564.0
0,106,-1.0,0,86,86,79,11,0,8,9,Fall,argentine hip hop,5230588.0
0,110,10.0,0,63,31,35,93,0,29,3,Winter,gen z singer-songwriter,1539683.0
4,169,6.0,0,39,36,45,81,0,8,13,Spring,pop,29886574.0
0,118,1.0,0,80,21,55,1,0,26,17,Summer,chicago rap,22002021.0
0,92,8.0,1,91,79,66,32,0,9,16,Summer,dance pop,27254903.0
24,112,3.0,0,45,19,60,63,0,9,6,Fall,pop,11913232.0
3,140,2.0,0,79,56,91,26,0,13,21,Winter,atl hip hop,9178188.0
6,105,8.0,0,73,52,76,13,0,5,3,Fall,british soul,52532812.0
10,178,5.0,0,76,63,77,14,0,15,22,Summer,latin pop,34521436.0
0,108,7.0,1,96,71,42,57,0,8,9,Winter,pop,12483564.0
0,173,9.0,0,40,19,29,86,0,34,4,Spring,pop,29886574.0
10,101,1.0,0,67,40,90,3,0,34,6,Spring,pop,12483564.0
0,120,8.0,1,80,24,62,41,2,11,23,Winter,pop,12483564.0
0,144,-1.0,0,73,66,80,44,0,9,12,Fall,pop,94857187.0
0,133,1.0,0,75,96,61,0,0,18,4,Spring,pop,12483564.0
0,158,8.0,1,46,62,83,53,0,97,28,Fall,pop,12483564.0
0,120,9.0,0,81,92,90,9,0,8,7,Fall,k-pop,19249613.0
4,129,-1.0,0,61,59,46,56,0,13,5,Winter,r&b,3299278.0
0,102,7.0,0,74,45,89,5,0,26,13,Fall,pop,12483564.0
0,124,8.0,1,79,79,84,2,0,5,5,Summer,pop,12483564.0
0,90,4.0,1,73,31,45,85,24,11,3,Spring,orlando indie,550516.0
0,161,6.0,1,78,65,52,46,0,12,31,Spring,brooklyn drill,1629201.0
0,120,7.0,0,60,11,33,90,0,8,5,Spring,art pop,88762228.0
0,81,-1.0,0,45,12,57,7,0,23,3,Summer,art pop,88762228.0
0,150,4.0,1,78,47,70,18,0,15,9,Winter,australian hip hop,694604.0
0,105,8.0,0,76,58,84,10,0,13,10,Fall,pop,12483564.0
2,79,6.0,0,63,76,67,38,0,6,4,Summer,indonesian r&b,3061658.0
2,146,1.0,1,52,7,61,51,0,11,3,Fall,dance pop,52175804.0
0,124,4.0,0,64,8,37,79,0,9,5,Spring,alt z,4022732.0
8,126,6.0,0,53,66,85,2,0,24,4,Winter,dance pop,23191496.0
0,121,8.0,0,75,53,74,2,0,11,5,Summer,canadian contemporary r&b,74471480.0
0,136,11.0,1,80,33,60,0,0,32,14,Fall,pop,12483564.0
3,102,9.0,1,77,26,63,58,0,11,5,Summer,puerto rican pop,19319835.0
0,77,7.0,0,73,54,74,23,0,41,23,Fall,pop,12483564.0
0,98,6.0,1,82,54,59,69,0,18,10,Spring,australian pop,3015288.0
0,84,11.0,1,44,22,48,38,0,33,24,Summer,chicago rap,31353696.0
0,102,8.0,0,89,77,82,3,0,17,11,Winter,pop,12483564.0
0,120,8.0,0,42,33,26,92,0,13,3,Summer,neo soul,6616046.0
9,117,1.0,0,52,73,91,0,0,11,7,Fall,grunge,18497346.0
0,72,9.0,1,45,27,33,82,0,14,4,Spring,dutch pop,512043.0
6,168,1.0,0,67,29,47,5,0,22,26,Fall,pop,12483564.0
4,94,1.0,0,52,68,69,13,0,33,8,Fall,pop,12483564.0
0,145,8.0,0,41,65,88,0,0,26,5,Winter,children's music,382286.0
5,134,1.0,0,71,14,61,1,0,23,33,Summer,pop,12483564.0
15,148,1.0,0,35,24,93,0,0,10,8,Fall,alternative rock,7155078.0
0,127,4.0,1,60,40,89,9,0,60,6,Winter,anime,6962129.0
0,172,6.0,1,74,79,66,11,0,8,16,Summer,pop,12483564.0
0,90,11.0,0,75,19,46,21,4,34,8,Fall,dance pop,27254903.0
12,96,7.0,0,57,30,40,38,0,26,3,Fall,pop,12483564.0
0,138,7.0,1,74,65,67,46,0,36,4,Winter,anime,6962129.0
4,120,7.0,0,72,67,72,0,0,13,4,Spring,pop,12483564.0
2,125,9.0,0,70,65,74,1,0,34,4,Summer,k-pop,70986309.0
0,123,2.0,0,82,80,86,1,0,30,13,Winter,pop,12483564.0
0,81,6.0,0,79,44,54,41,0,13,24,Spring,chicago rap,10364915.0
0,171,1.0,0,55,10,85,7,0,8,20,Spring,pop,12483564.0
2,91,11.0,0,77,60,32,84,0,8,5,Fall,pop,41674048.0
0,84,7.0,1,56,61,76,10,0,14,11,Summer,pop,12483564.0
0,115,5.0,1,90,74,54,16,0,13,28,Winter,pop,12483564.0
0,125,-1.0,0,69,70,89,4,0,49,3,Winter,pop,12483564.0
0,122,6.0,1,80,62,69,28,0,13,7,Fall,pop,12483564.0
16,92,2.0,0,85,92,54,16,0,29,7,Spring,pop,12483564.0
0,90,6.0,1,63,75,75,17,0,11,8,Fall,pop,12483564.0
28,94,4.0,1,84,90,70,9,0,14,8,Winter,pop,12483564.0
0,93,11.0,0,81,53,78,18,0,6,24,Winter,pop,12483564.0
5,130,2.0,1,51,50,76,30,0,10,7,Winter,k-pop,11174072.0
0,180,7.0,1,35,23,61,23,0,19,6,Winter,pop,4509984.0
0,134,-1.0,0,53,31,31,92,0,28,3,Winter,pop,94.0
0,95,3.0,1,92,31,89,3,0,8,25,Winter,pop,12483564.0
0,184,6.0,0,69,91,63,11,0,9,31,Winter,pop,21744965.0
0,147,8.0,1,47,50,80,10,0,32,38,Winter,pop,12483564.0
0,123,7.0,0,52,44,60,40,0,26,3,Winter,pop,12483564.0
11,123,10.0,1,91,49,61,3,0,17,22,Winter,lgbtq+ hip hop,12175430.0
7,90,6.0,1,90,79,71,26,0,7,37,Winter,east coast hip hop,12898957.0
0,160,2.0,1,61,65,64,1,0,12,4,Winter,alt z,4022732.0
0,115,1.0,0,60,37,71,8,0,48,4,Summer,cloud rap,859173.0
0,141,3.0,0,37,17,67,2,0,34,9,Summer,pop,12483564.0
0,160,9.0,0,31,30,88,7,0,8,8,Summer,la indie,286786.0
7,145,11.0,0,57,23,66,4,6,15,4,Fall,indie poptimism,3091457.0
0,89,-1.0,1,46,43,43,23,8,8,22,Summer,indie poptimism,3091457.0
4,95,5.0,1,84,49,72,8,0,15,8,Summer,pop,12483564.0
0,160,2.0,0,60,47,62,3,0,38,4,Winter,chicago rap,31353696.0
1,174,5.0,1,67,74,75,44,0,7,30,Winter,pop,12483564.0
0,92,7.0,0,77,76,84,3,0,38,4,Winter,pop,12483564.0
0,134,8.0,0,93,61,74,9,0,17,8,Winter,pop,2363.0
2,172,11.0,1,31,4,86,1,0,28,17,Fall,pop,12483564.0
0,80,9.0,0,76,92,62,6,0,8,13,Winter,reggaeton,1976183.0
1,150,1.0,1,91,42,60,0,0,9,12,Spring,conscious hip hop,25943855.0
0,80,6.0,1,78,53,74,4,0,45,21,Fall,pop,12483564.0
0,166,10.0,1,81,83,75,14,0,29,34,Winter,pop,12483564.0
0,120,8.0,0,67,8,54,27,0,8,4,Fall,alternative r&b,5964002.0
11,92,-1.0,0,86,89,79,17,0,11,6,Winter,reggaeton,76637811.0
0,85,8.0,1,74,61,52,30,0,26,9,Winter,alt z,390508.0
0,154,2.0,1,79,86,52,66,0,9,7,Winter,pop,12483564.0
0,92,2.0,1,73,37,74,28,0,14,6,Fall,pop,12483564.0
0,140,11.0,0,89,75,70,6,0,13,5,Winter,pop,12483564.0
0,89,1.0,0,65,60,60,11,0,10,40,Winter,atl hip hop,15275918.0
0,135,5.0,1,89,89,86,16,0,8,5,Winter,pop,12483564.0
0,140,8.0,1,51,66,53,60,0,11,18,Fall,indie r&b,295556.0
0,82,3.0,0,47,44,76,8,91,9,3,Summer,boston indie,342927.0
0,79,2.0,0,78,58,45,47,0,18,3,Winter,pop,115378209.0
0,88,5.0,0,31,31,63,47,27,21,12,Fall,indie poptimism,3091457.0
9,139,5.0,0,44,18,38,70,0,12,4,Winter,hip hop,16188407.0
2,124,-1.0,1,73,68,83,55,0,90,7,Winter,pop,12483564.0
0,80,8.0,1,39,45,55,73,0,9,21,Fall,indie poptimism,3091457.0
0,120,1.0,1,84,54,51,47,0,12,40,Winter,pop,12483564.0
0,80,4.0,1,56,19,46,92,72,11,3,Fall,indie poptimism,3091457.0
0,117,1.0,0,92,62,86,11,0,24,24,Winter,pop,2363.0
2,117,9.0,1,76,77,52,4,0,8,3,Summer,pop,12483564.0
0,140,5.0,1,62,46,73,10,0,67,11,Spring,hip hop,13111657.0
1,99,8.0,0,68,57,77,2,0,10,5,Winter,pop,30142706.0
20,93,1.0,0,74,59,87,3,0,8,5,Winter,pop,12483564.0
0,106,8.0,0,44,8,20,74,42,11,3,Fall,grunge,18497346.0
0,124,7.0,0,81,68,63,17,0,10,22,Spring,pop,12483564.0
4,95,8.0,0,76,96,70,18,0,33,4,Spring,pop,12483564.0
32,96,10.0,1,87,82,53,10,0,5,8,Winter,mambo chileno,1565240.0
2,92,4.0,1,81,40,73,15,0,9,8,Fall,funk pop,12994396.0
3,124,7.0,0,95,36,37,35,0,10,28,Spring,uk hip hop,3948751.0
2,72,6.0,0,64,76,44,70,9,12,4,Spring,indonesian jazz,13704490.0
0,71,-1.0,1,28,26,20,19,0,30,3,Winter,indie poptimism,3091457.0
2,135,9.0,1,78,55,57,4,0,10,8,Winter,pop,12483564.0
2,95,10.0,0,81,56,70,4,0,5,24,Spring,reggaeton,7638793.0
0,71,1.0,1,59,70,74,56,0,11,40,Spring,pop,12483564.0
2,180,10.0,1,80,71,68,6,0,10,37,Spring,reggaeton,1976183.0
0,150,4.0,1,65,11,58,0,0,12,9,Winter,deep underground hip hop,3099385.0
11,189,8.0,0,55,86,44,40,0,7,4,Winter,pop,12483564.0
0,85,-1.0,0,72,55,64,49,0,7,4,Winter,k-pop boy group,3114912.0
16,140,7.0,0,59,73,45,44,0,34,3,Winter,mariachi,14059084.0
0,81,-1.0,0,77,68,70,6,0,17,20,Summer,pop,12483564.0
0,104,2.0,1,80,24,65,2,0,9,4,Winter,pop,12483564.0
0,129,11.0,0,42,33,44,62,0,8,6,Fall,modern indie pop,3392820.0
0,94,1.0,1,76,81,80,20,0,25,4,Winter,reggaeton,76637811.0
3,71,-1.0,1,41,23,40,27,0,30,5,Fall,classic rock,48830629.0
0,146,9.0,1,59,23,46,66,0,15,6,Spring,emo rap,43528763.0
0,103,6.0,1,69,90,88,5,0,29,8,Spring,dance pop,42123822.0
34,124,2.0,0,53,66,78,0,0,16,5,Winter,dance pop,23191496.0
0,164,10.0,1,70,71,58,24,0,7,13,Spring,pop,29886574.0
0,138,2.0,0,69,35,57,12,0,10,9,Fall,pluggnb,3506702.0
0,126,9.0,1,67,37,46,13,0,10,39,Fall,urbano espanol,2568355.0
21,103,11.0,1,61,47,65,3,0,17,4,Winter,pop,12483564.0
0,95,8.0,0,75,64,52,41,0,11,3,Spring,pop,12483564.0
0,200,11.0,1,39,28,77,4,0,6,29,Winter,k-pop,2084898.0
0,129,-1.0,0,86,75,52,54,0,10,4,Winter,pop,12483564.0
0,98,6.0,1,68,33,43,38,0,36,14,Summer,pop,12483564.0
0,107,8.0,0,91,32,56,3,0,11,10,Spring,deep underground hip hop,3099385.0
0,174,-1.0,0,58,56,83,5,0,7,4,Spring,argentine hip hop,22698781.0
21,92,8.0,0,45,27,67,32,0,13,14,Winter,pop venezolano,5298356.0
1,90,7.0,0,81,59,83,9,0,11,5,Spring,pop,12483564.0
0,147,5.0,0,60,58,69,2,0,58,4,Spring,canadian pop,42727516.0
0,143,1.0,0,68,41,55,16,0,10,12,Spring,brooklyn drill,7439785.0
0,101,3.0,1,76,63,71,3,0,10,3,Winter,afrofuturism,2353915.0
8,118,1.0,1,70,54,71,0,0,33,4,Spring,chamber pop,3503988.0
0,98,7.0,1,83,63,74,14,0,16,6,Spring,pop,12483564.0
0,138,1.0,1,72,22,46,24,0,9,6,Spring,argentine hip hop,22698781.0
0,114,5.0,1,59,30,62,1,0,8,4,Winter,pop,26319826.0
0,180,7.0,1,63,45,64,34,0,9,8,Spring,pop,12483564.0
9,145,11.0,0,56,41,57,1,0,13,3,Fall,australian pop,8019929.0
4,115,8.0,1,78,63,64,1,0,7,4,Winter,pop,12483564.0
0,82,10.0,0,79,48,84,13,0,21,23,Spring,pop,12483564.0
0,166,2.0,0,70,22,61,2,0,10,34,Spring,atl hip hop,15841385.0
2,92,-1.0,0,86,91,79,29,0,60,16,Spring,pop,12483564.0
2,108,6.0,0,71,55,44,74,0,11,6,Spring,pop,21744965.0
0,84,4.0,1,71,63,45,45,0,11,3,Spring,sad sierreno,747264.0
0,95,3.0,1,69,90,91,6,0,35,4,Spring,latin hip hop,33911613.0
0,135,3.0,1,93,77,45,25,0,13,27,Spring,pop,12483564.0
0,110,4.0,0,57,6,27,84,0,9,3,Winter,pop,30142706.0
0,88,7.0,0,89,59,64,5,0,19,7,Fall,pop,12483564.0
2,119,1.0,1,87,28,50,12,0,10,10,Spring,trap baiano,3080322.0
0,120,1.0,0,58,71,80,15,0,7,41,Spring,k-pop,13367658.0
0,122,2.0,0,86,97,80,36,0,9,6,Fall,canadian pop,42727516.0
0,98,5.0,0,78,83,75,41,0,27,8,Spring,pop,12483564.0
1,140,4.0,1,45,25,84,21,0,13,6,Winter,pop,30142706.0
0,116,6.0,1,79,87,81,4,0,10,4,Winter,pop,12483564.0
0,124,3.0,0,86,62,49,51,0,35,21,Summer,dance pop,27254903.0
0,105,9.0,1,91,73,72,13,0,9,15,Winter,pop,12483564.0
0,118,8.0,0,68,24,58,44,0,6,3,Spring,k-pop,5136386.0
3,108,4.0,0,61,20,38,61,0,10,5,Summer,pop,115378209.0
5,100,4.0,0,61,53,38,84,0,28,44,Fall,canadian pop,74626073.0
0,140,3.0,1,81,39,66,38,0,12,14,Spring,conscious hip hop,25943855.0
0,109,10.0,1,84,72,74,10,0,34,7,Spring,escape room,5669928.0
0,101,1.0,1,78,40,74,36,0,17,27,Spring,pop,12483564.0
0,78,5.0,0,56,61,90,36,0,18,31,Spring,reggaeton,76637811.0
6,93,-1.0,1,79,22,55,31,0,12,5,Spring,reggaeton,76637811.0
0,87,8.0,0,52,32,83,24,0,17,43,Spring,conscious hip hop,25943855.0
0,153,10.0,1,55,50,78,19,0,11,35,Spring,pop,12483564.0
0,142,-1.0,0,87,93,59,28,0,17,5,Spring,reggaeton,76637811.0
0,96,10.0,1,85,41,43,39,0,12,21,Spring,conscious hip hop,25943855.0
0,125,-1.0,0,50,39,78,4,0,11,33,Spring,pop,12483564.0
0,85,10.0,0,71,43,65,23,0,9,5,Spring,reggaeton,76637811.0
0,140,1.0,1,92,78,57,46,0,14,9,Spring,pop,12483564.0
8,196,11.0,1,66,58,79,23,0,22,20,Spring,pop,12483564.0
0,134,7.0,0,78,51,43,69,0,14,9,Spring,conscious hip hop,25943855.0
0,103,1.0,1,80,45,62,76,0,10,38,Spring,pop,12483564.0
3,130,1.0,0,82,50,67,12,0,13,5,Spring,reggaeton,76637811.0
0,108,11.0,0,65,52,69,31,0,8,36,Spring,pop,12483564.0
0,123,8.0,0,61,66,71,53,0,32,46,Spring,pop,12483564.0
28,152,11.0,0,84,74,69,21,0,18,6,Spring,reggaeton,76637811.0
7,108,2.0,0,78,55,60,59,0,7,4,Spring,pop,12483564.0
0,72,10.0,1,56,56,47,76,0,8,36,Spring,conscious hip hop,25943855.0
0,121,6.0,1,86,67,65,42,0,35,7,Spring,reggaeton,76637811.0
0,138,3.0,1,57,71,82,19,0,15,29,Spring,pop,12483564.0
1,188,5.0,1,50,41,50,69,0,12,6,Spring,reggaeton,76637811.0
0,110,1.0,0,80,26,85,23,0,11,21,Winter,pop,12483564.0
3,105,8.0,0,81,77,79,19,0,47,8,Spring,reggaeton,76637811.0
0,118,8.0,0,63,60,70,5,0,9,31,Spring,reggaeton,76637811.0
15,176,2.0,0,61,24,62,60,0,24,31,Spring,pop,12483564.0
0,158,11.0,0,83,41,65,0,10,11,8,Spring,deep underground hip hop,3099385.0
0,115,1.0,1,85,72,58,9,0,49,12,Spring,reggaeton,76637811.0
0,110,11.0,1,51,48,82,0,0,5,3,Winter,modern rock,12040173.0
0,174,9.0,0,73,26,54,30,0,34,32,Spring,pop,12483564.0
0,130,4.0,0,91,91,96,3,0,3,9,Spring,pop,4.0
8,78,10.0,0,36,30,54,34,0,14,5,Spring,singer-songwriter pop,723630.0
0,104,7.0,0,44,74,42,88,0,9,9,Spring,conscious hip hop,25943855.0
0,121,7.0,0,64,80,88,0,0,12,6,Spring,pop,12483564.0
0,105,2.0,0,83,32,82,14,0,12,4,Spring,ukrainian hip hop,929990.0
0,81,7.0,0,38,20,66,9,0,9,8,Spring,australian hip hop,4882868.0
0,170,1.0,1,37,14,24,80,0,11,4,Spring,conscious hip hop,25943855.0
0,78,7.0,0,43,60,38,76,1,48,38,Spring,conscious hip hop,25943855.0
0,125,8.0,0,88,28,66,6,0,13,31,Spring,atl hip hop,15275918.0
0,92,4.0,1,66,29,65,23,0,8,7,Spring,conscious hip hop,25943855.0
4,140,11.0,1,84,61,42,31,0,9,9,Spring,german drill,2006550.0
0,96,-1.0,0,61,32,90,25,0,10,9,Spring,pop,12483564.0
0,118,5.0,1,66,83,43,84,0,19,19,Spring,conscious hip hop,25943855.0
6,92,11.0,1,71,67,60,7,0,6,4,Winter,pop,12483564.0
0,140,8.0,1,49,50,37,87,0,11,35,Spring,pop,12483564.0
2,174,1.0,0,68,45,71,18,0,11,25,Spring,pop,12483564.0
0,127,10.0,0,77,53,78,19,0,29,4,Winter,pop,12483564.0
0,96,11.0,0,71,37,52,62,0,11,36,Spring,pop,12483564.0
0,150,8.0,1,82,82,66,13,0,11,6,Spring,pop,12483564.0
0,100,6.0,0,87,46,60,1,0,13,16,Spring,modern country pop,723150.0
0,105,1.0,1,73,59,81,13,0,9,6,Winter,pop,97817.0
0,104,7.0,0,86,43,62,5,0,13,14,Spring,k-pop girl group,3482267.0
0,154,8.0,0,54,45,79,1,0,17,5,Spring,alt z,192742.0
0,80,11.0,0,47,33,83,18,0,10,5,Winter,uk pop,359652.0
2,150,3.0,0,53,14,43,64,0,13,3,Spring,pop,12483564.0
9,156,11.0,1,32,49,72,0,0,9,4,Spring,neo mellow,2650160.0
0,98,8.0,1,76,79,81,18,0,6,34,Spring,conscious hip hop,25943855.0
1,92,7.0,0,58,27,36,86,0,9,3,Fall,indie triste,6177978.0
0,144,4.0,0,47,7,50,32,0,7,4,Spring,pop,92584265.0
0,150,4.0,0,37,27,56,8,0,13,3,Fall,indie pop,457595.0
0,138,3.0,0,70,31,44,84,0,9,39,Summer,alt z,1217079.0
0,172,1.0,0,56,68,89,4,0,33,19,Summer,k-pop,70986309.0
0,77,8.0,0,72,70,82,2,0,4,17,Summer,k-pop,70986309.0
1,107,11.0,0,72,36,72,26,6,11,4,Spring,pop,30142706.0
3,114,2.0,0,51,39,29,90,0,10,4,Spring,pop,30142706.0
0,117,2.0,0,63,29,51,43,0,25,4,Summer,k-pop,70986309.0
0,146,-1.0,0,69,63,45,48,0,18,4,Spring,pop,30142706.0
0,160,8.0,1,80,74,60,8,0,14,26,Spring,dance pop,27254903.0
0,120,7.0,0,88,15,56,1,0,8,6,Summer,pop,12483564.0
0,100,11.0,1,82,76,70,16,0,8,5,Spring,pop,12483564.0
0,158,8.0,1,60,68,84,4,0,24,11,Summer,k-pop,70986309.0
0,142,3.0,0,56,40,54,72,0,10,4,Spring,pop,30142706.0
3,170,9.0,1,80,77,85,11,0,17,14,Spring,pop,12483564.0
0,84,5.0,1,71,39,86,2,0,51,25,Spring,pop,12483564.0
5,139,-1.0,0,58,30,46,14,0,9,3,Spring,pop,30142706.0
0,151,7.0,0,73,88,67,20,0,32,5,Winter,uk reggae,75327.0
0,128,1.0,1,82,42,75,6,0,63,6,Summer,pop,12483564.0
0,118,7.0,0,56,20,54,67,0,6,5,Spring,pop,30142706.0
0,183,5.0,0,65,88,72,36,14,20,3,Spring,pop,30142706.0
0,83,3.0,1,63,29,62,4,0,18,4,Summer,electropop,21150219.0
13,122,1.0,0,85,42,80,6,0,17,14,Winter,pop,12483564.0
1,165,9.0,0,72,90,48,32,0,18,23,Spring,pop,30142706.0
0,106,9.0,1,83,90,64,35,5,9,4,Spring,pop,30142706.0
0,77,11.0,0,81,68,58,83,0,11,34,Spring,pop,12483564.0
0,91,8.0,0,57,30,89,10,0,33,8,Winter,british soul,1212817.0
0,148,7.0,0,51,21,63,5,0,41,3,Spring,art pop,28462206.0
1,114,4.0,1,71,90,81,31,2,13,3,Spring,pop,30142706.0
2,120,-1.0,1,91,63,77,12,1,10,5,Summer,pop,12483564.0
0,92,6.0,0,83,56,82,10,0,9,5,Summer,pop,12483564.0
0,118,5.0,0,56,25,45,1,3,7,3,Fall,atl hip hop,11721951.0
0,123,4.0,1,60,46,71,3,0,16,4,Spring,pop,12483564.0
0,89,3.0,0,52,28,48,54,1,19,3,Fall,viral pop,9084796.0
8,110,5.0,1,81,61,93,49,0,12,11,Summer,argentine hip hop,9740659.0
0,118,-1.0,0,42,32,20,94,0,11,4,Spring,pop,30142706.0
4,90,11.0,1,68,54,76,21,0,11,20,Spring,desi hip hop,25894940.0
4,130,-1.0,0,49,14,40,82,0,11,3,Spring,indonesian pop,2918357.0
0,154,6.0,1,70,97,62,47,0,10,4,Spring,corrido,311134.0
0,105,4.0,1,54,59,83,0,44,20,4,Spring,hard rock,26291722.0
0,115,1.0,1,70,87,88,4,0,26,8,Summer,pop,12483564.0
0,110,1.0,0,91,59,82,8,0,6,8,Summer,pop,12483564.0
0,125,4.0,1,51,5,68,12,2,15,6,Summer,canadian hip hop,81943946.0
0,102,1.0,0,73,62,75,0,0,34,8,Summer,meme rap,1626034.0
11,120,8.0,1,81,72,65,4,0,14,4,Winter,pop venezolano,692887.0
0,97,2.0,0,80,36,86,4,0,3,5,Summer,k-pop,1432029.0
3,140,5.0,1,44,41,92,0,0,44,7,Spring,pop,12483564.0
0,97,2.0,0,78,31,72,1,0,11,4,Summer,k-pop,16487518.0
1,125,6.0,0,45,67,90,9,11,10,5,Winter,glam metal,30258730.0
12,88,3.0,1,80,55,56,13,0,8,9,Spring,afrobeats,7189203.0
0,170,-1.0,0,56,52,64,11,0,45,7,Spring,alt z,313652.0
0,137,10.0,1,88,8,49,9,0,9,14,Summer,canadian hip hop,81943946.0
0,157,9.0,0,88,52,69,0,0,8,23,Summer,pop,12483564.0
4,130,6.0,0,95,83,57,54,0,10,25,Summer,pop,12483564.0
0,90,1.0,0,85,80,83,10,0,8,11,Summer,pop,12483564.0
0,183,8.0,1,44,44,67,7,0,12,13,Summer,social media pop,1158186.0
5,128,1.0,0,58,68,91,2,0,27,11,Spring,uk dance,62012.0
2,130,3.0,1,71,78,40,46,0,7,45,Summer,pop,12483564.0
35,126,1.0,0,63,56,43,24,0,12,23,Summer,r&b en espanol,6073983.0
0,120,-1.0,0,77,94,87,2,0,23,12,Summer,pop,12483564.0
0,130,4.0,1,72,18,46,7,0,28,8,Summer,pop,12483564.0
2,122,-1.0,0,70,46,76,30,0,9,45,Winter,trap latino,483713.0
4,172,8.0,1,74,46,58,15,0,13,8,Summer,colombian pop,8244846.0
4,103,8.0,0,61,38,62,14,0,23,40,Summer,argentine hip hop,9740659.0
0,122,10.0,1,55,46,64,0,0,17,10,Summer,pop,12483564.0
2,130,11.0,0,47,56,90,0,0,10,4,Fall,hard rock,2807074.0
12,105,10.0,1,81,70,65,24,0,8,4,Summer,k-pop,6084241.0
6,120,5.0,0,90,73,51,39,0,9,6,Spring,bedroom pop,5718393.0
0,145,7.0,0,56,43,53,24,0,12,4,Summer,pop,3540399.0
4,99,7.0,1,79,64,59,28,0,11,14,Summer,pop,12483564.0
34,88,10.0,1,79,66,65,5,0,25,14,Winter,chicago rap,22002021.0
0,126,9.0,0,81,90,73,28,0,29,4,Summer,pop,12483564.0
5,136,-1.0,0,77,71,75,33,1,13,4,Summer,pop,12483564.0
9,113,8.0,0,70,97,59,55,0,27,12,Winter,pop,12483564.0
0,132,11.0,0,82,49,88,20,0,21,3,Summer,pop,12483564.0
4,135,8.0,0,77,74,74,47,0,34,8,Spring,pop,12483564.0
0,126,-1.0,0,67,49,77,11,0,19,11,Fall,pop,12483564.0
4,102,1.0,1,67,72,74,30,0,36,4,Fall,pop,11913232.0
12,125,-1.0,0,68,80,92,10,0,9,12,Summer,chamber pop,3503988.0
7,149,1.0,0,37,28,66,14,0,9,5,Winter,chicago rap,22002021.0
6,137,-1.0,0,74,71,89,24,61,15,5,Summer,pop,12483564.0
0,120,3.0,1,77,78,91,14,0,33,12,Summer,k-pop,19249613.0
0,100,1.0,0,90,75,50,11,0,9,26,Winter,indie hip hop,490573.0
30,164,8.0,1,70,58,57,25,0,15,7,Summer,colombian pop,8244846.0
8,93,10.0,1,65,79,66,31,0,22,7,Summer,afrobeats,649896.0
12,180,1.0,1,65,52,80,5,0,6,25,Fall,colombian pop,8244846.0
0,79,1.0,0,34,22,31,43,63,10,7,Summer,afrofuturism,3854647.0
6,146,5.0,0,56,21,44,73,0,11,2,Summer,permanent wave,48074532.0
4,103,1.0,0,37,17,27,75,5,10,3,Summer,permanent wave,48074532.0
0,140,4.0,1,70,26,76,8,0,54,23,Fall,pluggnb,3506702.0
0,92,10.0,0,81,48,70,13,0,15,7,Fall,pop,12483564.0
0,102,1.0,1,64,4,60,11,0,19,4,Summer,melodic rap,4039946.0
2,118,11.0,1,82,75,85,33,1,11,4,Summer,pop,12483564.0
0,93,2.0,0,78,75,62,6,0,15,6,Fall,colombian pop,8244846.0
0,150,5.0,1,70,26,56,14,83,11,5,Summer,atl hip hop,9433165.0
5,130,2.0,0,52,24,60,0,0,8,3,Fall,pop,12483564.0
0,83,3.0,1,65,24,53,6,0,51,4,Fall,pop,12483564.0
0,102,9.0,0,84,43,75,5,0,6,8,Summer,pop,12483564.0
6,136,4.0,1,73,65,91,4,0,48,18,Fall,k-pop girl group,7824041.0
0,145,9.0,0,66,24,58,17,0,19,5,Spring,pop dance,111047.0
0,130,7.0,0,57,24,37,11,18,16,3,Fall,bedroom pop,6561188.0
6,156,7.0,0,72,92,77,9,0,8,11,Summer,escape room,5669928.0
0,123,2.0,0,57,50,85,5,0,16,4,Fall,pop,115378209.0
10,132,7.0,0,92,53,62,7,0,63,10,Fall,k-pop,46838691.0
1,125,3.0,1,49,13,74,0,0,9,4,Winter,pop,12483564.0
0,162,5.0,1,74,22,67,0,0,11,46,Fall,atl hip hop,15841385.0
7,138,10.0,0,80,82,81,14,0,13,36,Fall,pop,12483564.0
4,161,10.0,1,59,62,60,12,0,5,44,Summer,pop,12483564.0
0,131,8.0,1,91,23,55,1,0,7,32,Fall,pop,12483564.0
0,122,4.0,1,75,45,63,6,0,35,12,Fall,pop,12483564.0
0,80,4.0,1,80,16,28,17,0,12,39,Fall,pop,92584265.0
0,109,7.0,0,75,11,50,20,0,30,17,Fall,pop,92584265.0
0,158,9.0,0,84,33,36,2,0,39,59,Fall,pop,12483564.0
0,126,4.0,0,66,12,35,55,0,9,14,Fall,pop,92584265.0
0,104,1.0,0,73,25,61,1,0,32,7,Fall,pop,12483564.0
0,110,-1.0,0,48,15,31,80,22,12,4,Fall,pop,92584265.0
2,130,7.0,0,77,20,70,1,0,16,5,Fall,pop,12483564.0
0,177,-1.0,0,34,39,16,97,0,12,5,Fall,pop,92584265.0
0,158,7.0,0,48,55,84,43,0,15,12,Fall,pop,92584265.0
0,114,2.0,1,62,25,44,51,33,14,3,Fall,pop,12483564.0
0,144,5.0,0,93,62,61,0,0,12,20,Fall,pop,12483564.0
9,125,5.0,0,54,22,76,0,0,14,3,Fall,classic texas country,929684.0
0,142,5.0,1,85,40,43,4,0,39,32,Fall,canadian hip hop,81943946.0
0,120,2.0,0,64,11,53,1,0,25,27,Fall,pop,12483564.0
0,96,5.0,0,57,55,74,22,0,8,4,Fall,pop,92584265.0
0,144,9.0,0,60,24,39,57,0,8,3,Fall,pop,46495435.0
0,166,6.0,0,42,7,24,83,1,12,6,Fall,pop,92584265.0
0,92,1.0,0,80,81,67,4,0,8,6,Fall,pop,12483564.0
0,97,1.0,0,82,67,77,8,0,12,5,Fall,pop,12483564.0
2,90,4.0,1,61,32,67,15,0,11,5,Fall,afrobeats,7189203.0
